path,id
pidgeon_images/pidgeon_vid_2/7/67.png,7
pidgeon_images/pidgeon_vid_2/7/132.png,7
pidgeon_images/pidgeon_vid_2/7/129.png,7
pidgeon_images/pidgeon_vid_2/7/119.png,7
pidgeon_images/pidgeon_vid_2/7/26.png,7
pidgeon_images/pidgeon_vid_2/7/74.png,7
pidgeon_images/pidgeon_vid_2/7/109.png,7
pidgeon_images/pidgeon_vid_2/7/65.png,7
pidgeon_images/pidgeon_vid_2/7/47.png,7
pidgeon_images/pidgeon_vid_2/7/114.png,7
pidgeon_images/pidgeon_vid_2/7/81.png,7
pidgeon_images/pidgeon_vid_2/7/71.png,7
pidgeon_images/pidgeon_vid_2/7/8.png,7
pidgeon_images/pidgeon_vid_2/7/96.png,7
pidgeon_images/pidgeon_vid_2/7/19.png,7
pidgeon_images/pidgeon_vid_2/7/118.png,7
pidgeon_images/pidgeon_vid_2/7/77.png,7
pidgeon_images/pidgeon_vid_2/7/146.png,7
pidgeon_images/pidgeon_vid_2/7/28.png,7
pidgeon_images/pidgeon_vid_2/7/41.png,7
pidgeon_images/pidgeon_vid_2/7/107.png,7
pidgeon_images/pidgeon_vid_2/7/136.png,7
pidgeon_images/pidgeon_vid_2/7/97.png,7
pidgeon_images/pidgeon_vid_2/7/143.png,7
pidgeon_images/pidgeon_vid_2/7/12.png,7
pidgeon_images/pidgeon_vid_2/7/42.png,7
pidgeon_images/pidgeon_vid_2/7/79.png,7
pidgeon_images/pidgeon_vid_2/7/112.png,7
pidgeon_images/pidgeon_vid_2/7/2.png,7
pidgeon_images/pidgeon_vid_2/7/122.png,7
pidgeon_images/pidgeon_vid_2/7/100.png,7
pidgeon_images/pidgeon_vid_2/7/37.png,7
pidgeon_images/pidgeon_vid_2/7/69.png,7
pidgeon_images/pidgeon_vid_2/7/21.png,7
pidgeon_images/pidgeon_vid_2/7/128.png,7
pidgeon_images/pidgeon_vid_2/7/145.png,7
pidgeon_images/pidgeon_vid_2/7/98.png,7
pidgeon_images/pidgeon_vid_2/7/92.png,7
pidgeon_images/pidgeon_vid_2/7/95.png,7
pidgeon_images/pidgeon_vid_2/7/34.png,7
pidgeon_images/pidgeon_vid_2/7/53.png,7
pidgeon_images/pidgeon_vid_2/7/1.png,7
pidgeon_images/pidgeon_vid_2/7/138.png,7
pidgeon_images/pidgeon_vid_2/7/148.png,7
pidgeon_images/pidgeon_vid_2/7/24.png,7
pidgeon_images/pidgeon_vid_2/7/54.png,7
pidgeon_images/pidgeon_vid_2/7/84.png,7
pidgeon_images/pidgeon_vid_2/7/133.png,7
pidgeon_images/pidgeon_vid_2/7/99.png,7
pidgeon_images/pidgeon_vid_2/7/22.png,7
pidgeon_images/pidgeon_vid_2/7/25.png,7
pidgeon_images/pidgeon_vid_2/7/56.png,7
pidgeon_images/pidgeon_vid_2/7/120.png,7
pidgeon_images/pidgeon_vid_2/7/151.png,7
pidgeon_images/pidgeon_vid_2/7/101.png,7
pidgeon_images/pidgeon_vid_2/7/141.png,7
pidgeon_images/pidgeon_vid_2/7/89.png,7
pidgeon_images/pidgeon_vid_2/7/124.png,7
pidgeon_images/pidgeon_vid_2/7/86.png,7
pidgeon_images/pidgeon_vid_2/7/57.png,7
pidgeon_images/pidgeon_vid_2/7/43.png,7
pidgeon_images/pidgeon_vid_2/7/140.png,7
pidgeon_images/pidgeon_vid_2/7/17.png,7
pidgeon_images/pidgeon_vid_2/7/18.png,7
pidgeon_images/pidgeon_vid_2/7/32.png,7
pidgeon_images/pidgeon_vid_2/7/6.png,7
pidgeon_images/pidgeon_vid_2/7/11.png,7
pidgeon_images/pidgeon_vid_2/7/20.png,7
pidgeon_images/pidgeon_vid_2/7/76.png,7
pidgeon_images/pidgeon_vid_2/7/88.png,7
pidgeon_images/pidgeon_vid_2/7/38.png,7
pidgeon_images/pidgeon_vid_2/7/75.png,7
pidgeon_images/pidgeon_vid_2/7/31.png,7
pidgeon_images/pidgeon_vid_2/7/5.png,7
pidgeon_images/pidgeon_vid_2/7/93.png,7
pidgeon_images/pidgeon_vid_2/7/106.png,7
pidgeon_images/pidgeon_vid_2/7/102.png,7
pidgeon_images/pidgeon_vid_2/7/103.png,7
pidgeon_images/pidgeon_vid_2/7/40.png,7
pidgeon_images/pidgeon_vid_2/7/117.png,7
pidgeon_images/pidgeon_vid_2/7/4.png,7
pidgeon_images/pidgeon_vid_2/7/64.png,7
pidgeon_images/pidgeon_vid_2/7/27.png,7
pidgeon_images/pidgeon_vid_2/7/33.png,7
pidgeon_images/pidgeon_vid_2/7/59.png,7
pidgeon_images/pidgeon_vid_2/7/39.png,7
pidgeon_images/pidgeon_vid_2/7/127.png,7
pidgeon_images/pidgeon_vid_2/7/130.png,7
pidgeon_images/pidgeon_vid_2/7/70.png,7
pidgeon_images/pidgeon_vid_2/7/87.png,7
pidgeon_images/pidgeon_vid_2/7/135.png,7
pidgeon_images/pidgeon_vid_2/7/29.png,7
pidgeon_images/pidgeon_vid_2/7/13.png,7
pidgeon_images/pidgeon_vid_2/7/113.png,7
pidgeon_images/pidgeon_vid_2/7/50.png,7
pidgeon_images/pidgeon_vid_2/7/36.png,7
pidgeon_images/pidgeon_vid_2/7/44.png,7
pidgeon_images/pidgeon_vid_2/7/58.png,7
pidgeon_images/pidgeon_vid_2/7/78.png,7
pidgeon_images/pidgeon_vid_2/7/150.png,7
pidgeon_images/pidgeon_vid_2/7/80.png,7
pidgeon_images/pidgeon_vid_2/7/90.png,7
pidgeon_images/pidgeon_vid_2/7/23.png,7
pidgeon_images/pidgeon_vid_2/7/35.png,7
pidgeon_images/pidgeon_vid_2/7/51.png,7
pidgeon_images/pidgeon_vid_2/7/139.png,7
pidgeon_images/pidgeon_vid_2/2/5.png,2
pidgeon_images/pidgeon_vid_2/2/40.png,2
pidgeon_images/pidgeon_vid_2/2/13.png,2
pidgeon_images/pidgeon_vid_2/2/3.png,2
pidgeon_images/pidgeon_vid_2/2/48.png,2
pidgeon_images/pidgeon_vid_2/2/21.png,2
pidgeon_images/pidgeon_vid_2/2/14.png,2
pidgeon_images/pidgeon_vid_2/2/31.png,2
pidgeon_images/pidgeon_vid_2/2/36.png,2
pidgeon_images/pidgeon_vid_2/2/41.png,2
pidgeon_images/pidgeon_vid_2/2/16.png,2
pidgeon_images/pidgeon_vid_2/2/26.png,2
pidgeon_images/pidgeon_vid_2/2/6.png,2
pidgeon_images/pidgeon_vid_2/2/45.png,2
pidgeon_images/pidgeon_vid_2/2/1.png,2
pidgeon_images/pidgeon_vid_2/2/8.png,2
pidgeon_images/pidgeon_vid_2/2/35.png,2
pidgeon_images/pidgeon_vid_2/2/25.png,2
pidgeon_images/pidgeon_vid_2/2/24.png,2
pidgeon_images/pidgeon_vid_2/2/28.png,2
pidgeon_images/pidgeon_vid_2/2/52.png,2
pidgeon_images/pidgeon_vid_2/2/30.png,2
pidgeon_images/pidgeon_vid_2/2/38.png,2
pidgeon_images/pidgeon_vid_2/2/7.png,2
pidgeon_images/pidgeon_vid_2/2/46.png,2
pidgeon_images/pidgeon_vid_2/2/51.png,2
pidgeon_images/pidgeon_vid_2/2/33.png,2
pidgeon_images/pidgeon_vid_2/2/34.png,2
pidgeon_images/pidgeon_vid_2/2/43.png,2
pidgeon_images/pidgeon_vid_2/2/20.png,2
pidgeon_images/pidgeon_vid_2/2/23.png,2
pidgeon_images/pidgeon_vid_2/2/10.png,2
pidgeon_images/pidgeon_vid_2/2/4.png,2
pidgeon_images/pidgeon_vid_2/2/50.png,2
pidgeon_images/pidgeon_vid_2/2/39.png,2
pidgeon_images/pidgeon_vid_2/2/18.png,2
pidgeon_images/pidgeon_vid_2/2/22.png,2
pidgeon_images/pidgeon_vid_2/12/92.png,12
pidgeon_images/pidgeon_vid_2/12/11.png,12
pidgeon_images/pidgeon_vid_2/12/63.png,12
pidgeon_images/pidgeon_vid_2/12/98.png,12
pidgeon_images/pidgeon_vid_2/12/77.png,12
pidgeon_images/pidgeon_vid_2/12/17.png,12
pidgeon_images/pidgeon_vid_2/12/52.png,12
pidgeon_images/pidgeon_vid_2/12/112.png,12
pidgeon_images/pidgeon_vid_2/12/65.png,12
pidgeon_images/pidgeon_vid_2/12/88.png,12
pidgeon_images/pidgeon_vid_2/12/12.png,12
pidgeon_images/pidgeon_vid_2/12/45.png,12
pidgeon_images/pidgeon_vid_2/12/68.png,12
pidgeon_images/pidgeon_vid_2/12/64.png,12
pidgeon_images/pidgeon_vid_2/12/56.png,12
pidgeon_images/pidgeon_vid_2/12/87.png,12
pidgeon_images/pidgeon_vid_2/12/109.png,12
pidgeon_images/pidgeon_vid_2/12/39.png,12
pidgeon_images/pidgeon_vid_2/12/61.png,12
pidgeon_images/pidgeon_vid_2/12/84.png,12
pidgeon_images/pidgeon_vid_2/12/50.png,12
pidgeon_images/pidgeon_vid_2/12/33.png,12
pidgeon_images/pidgeon_vid_2/12/104.png,12
pidgeon_images/pidgeon_vid_2/12/3.png,12
pidgeon_images/pidgeon_vid_2/12/93.png,12
pidgeon_images/pidgeon_vid_2/12/34.png,12
pidgeon_images/pidgeon_vid_2/12/108.png,12
pidgeon_images/pidgeon_vid_2/12/38.png,12
pidgeon_images/pidgeon_vid_2/12/75.png,12
pidgeon_images/pidgeon_vid_2/12/90.png,12
pidgeon_images/pidgeon_vid_2/12/102.png,12
pidgeon_images/pidgeon_vid_2/12/57.png,12
pidgeon_images/pidgeon_vid_2/12/44.png,12
pidgeon_images/pidgeon_vid_2/12/110.png,12
pidgeon_images/pidgeon_vid_2/12/70.png,12
pidgeon_images/pidgeon_vid_2/12/43.png,12
pidgeon_images/pidgeon_vid_2/12/26.png,12
pidgeon_images/pidgeon_vid_2/12/8.png,12
pidgeon_images/pidgeon_vid_2/12/67.png,12
pidgeon_images/pidgeon_vid_2/12/32.png,12
pidgeon_images/pidgeon_vid_2/12/55.png,12
pidgeon_images/pidgeon_vid_2/12/6.png,12
pidgeon_images/pidgeon_vid_2/12/94.png,12
pidgeon_images/pidgeon_vid_2/12/113.png,12
pidgeon_images/pidgeon_vid_2/12/82.png,12
pidgeon_images/pidgeon_vid_2/12/74.png,12
pidgeon_images/pidgeon_vid_2/12/96.png,12
pidgeon_images/pidgeon_vid_2/12/0.png,12
pidgeon_images/pidgeon_vid_2/12/105.png,12
pidgeon_images/pidgeon_vid_2/12/80.png,12
pidgeon_images/pidgeon_vid_2/12/42.png,12
pidgeon_images/pidgeon_vid_2/12/85.png,12
pidgeon_images/pidgeon_vid_2/12/7.png,12
pidgeon_images/pidgeon_vid_2/12/115.png,12
pidgeon_images/pidgeon_vid_2/12/78.png,12
pidgeon_images/pidgeon_vid_2/12/76.png,12
pidgeon_images/pidgeon_vid_2/12/114.png,12
pidgeon_images/pidgeon_vid_2/12/4.png,12
pidgeon_images/pidgeon_vid_2/12/18.png,12
pidgeon_images/pidgeon_vid_2/12/73.png,12
pidgeon_images/pidgeon_vid_2/12/97.png,12
pidgeon_images/pidgeon_vid_2/12/53.png,12
pidgeon_images/pidgeon_vid_2/12/59.png,12
pidgeon_images/pidgeon_vid_2/12/27.png,12
pidgeon_images/pidgeon_vid_2/12/95.png,12
pidgeon_images/pidgeon_vid_2/12/16.png,12
pidgeon_images/pidgeon_vid_2/12/20.png,12
pidgeon_images/pidgeon_vid_2/12/100.png,12
pidgeon_images/pidgeon_vid_2/12/1.png,12
pidgeon_images/pidgeon_vid_2/12/51.png,12
pidgeon_images/pidgeon_vid_2/12/5.png,12
pidgeon_images/pidgeon_vid_2/12/10.png,12
pidgeon_images/pidgeon_vid_2/12/83.png,12
pidgeon_images/pidgeon_vid_2/12/25.png,12
pidgeon_images/pidgeon_vid_2/12/81.png,12
pidgeon_images/pidgeon_vid_2/31/131.png,31
pidgeon_images/pidgeon_vid_2/31/83.png,31
pidgeon_images/pidgeon_vid_2/31/113.png,31
pidgeon_images/pidgeon_vid_2/31/133.png,31
pidgeon_images/pidgeon_vid_2/31/90.png,31
pidgeon_images/pidgeon_vid_2/31/126.png,31
pidgeon_images/pidgeon_vid_2/31/92.png,31
pidgeon_images/pidgeon_vid_2/31/117.png,31
pidgeon_images/pidgeon_vid_2/31/91.png,31
pidgeon_images/pidgeon_vid_2/31/119.png,31
pidgeon_images/pidgeon_vid_2/31/110.png,31
pidgeon_images/pidgeon_vid_2/31/60.png,31
pidgeon_images/pidgeon_vid_2/31/138.png,31
pidgeon_images/pidgeon_vid_2/31/88.png,31
pidgeon_images/pidgeon_vid_2/31/70.png,31
pidgeon_images/pidgeon_vid_2/31/61.png,31
pidgeon_images/pidgeon_vid_2/31/55.png,31
pidgeon_images/pidgeon_vid_2/31/103.png,31
pidgeon_images/pidgeon_vid_2/31/81.png,31
pidgeon_images/pidgeon_vid_2/31/100.png,31
pidgeon_images/pidgeon_vid_2/31/121.png,31
pidgeon_images/pidgeon_vid_2/31/105.png,31
pidgeon_images/pidgeon_vid_2/31/53.png,31
pidgeon_images/pidgeon_vid_2/31/85.png,31
pidgeon_images/pidgeon_vid_2/31/116.png,31
pidgeon_images/pidgeon_vid_2/31/66.png,31
pidgeon_images/pidgeon_vid_2/31/130.png,31
pidgeon_images/pidgeon_vid_2/31/115.png,31
pidgeon_images/pidgeon_vid_2/31/98.png,31
pidgeon_images/pidgeon_vid_2/31/58.png,31
pidgeon_images/pidgeon_vid_2/31/112.png,31
pidgeon_images/pidgeon_vid_2/31/78.png,31
pidgeon_images/pidgeon_vid_2/31/127.png,31
pidgeon_images/pidgeon_vid_2/31/96.png,31
pidgeon_images/pidgeon_vid_2/31/68.png,31
pidgeon_images/pidgeon_vid_2/31/52.png,31
pidgeon_images/pidgeon_vid_2/31/125.png,31
pidgeon_images/pidgeon_vid_2/31/102.png,31
pidgeon_images/pidgeon_vid_2/31/111.png,31
pidgeon_images/pidgeon_vid_2/31/106.png,31
pidgeon_images/pidgeon_vid_2/31/72.png,31
pidgeon_images/pidgeon_vid_2/31/128.png,31
pidgeon_images/pidgeon_vid_2/31/79.png,31
pidgeon_images/pidgeon_vid_2/31/122.png,31
pidgeon_images/pidgeon_vid_2/31/108.png,31
pidgeon_images/pidgeon_vid_2/31/75.png,31
pidgeon_images/pidgeon_vid_2/31/69.png,31
pidgeon_images/pidgeon_vid_2/31/65.png,31
pidgeon_images/pidgeon_vid_2/31/107.png,31
pidgeon_images/pidgeon_vid_2/31/120.png,31
pidgeon_images/pidgeon_vid_2/31/135.png,31
pidgeon_images/pidgeon_vid_2/31/73.png,31
pidgeon_images/pidgeon_vid_2/31/89.png,31
pidgeon_images/pidgeon_vid_2/31/94.png,31
pidgeon_images/pidgeon_vid_2/31/76.png,31
pidgeon_images/pidgeon_vid_2/31/109.png,31
pidgeon_images/pidgeon_vid_2/31/129.png,31
pidgeon_images/pidgeon_vid_2/31/99.png,31
pidgeon_images/pidgeon_vid_2/31/86.png,31
pidgeon_images/pidgeon_vid_2/27/52.png,27
pidgeon_images/pidgeon_vid_2/27/119.png,27
pidgeon_images/pidgeon_vid_2/27/91.png,27
pidgeon_images/pidgeon_vid_2/27/90.png,27
pidgeon_images/pidgeon_vid_2/27/114.png,27
pidgeon_images/pidgeon_vid_2/27/138.png,27
pidgeon_images/pidgeon_vid_2/27/83.png,27
pidgeon_images/pidgeon_vid_2/27/81.png,27
pidgeon_images/pidgeon_vid_2/27/112.png,27
pidgeon_images/pidgeon_vid_2/27/115.png,27
pidgeon_images/pidgeon_vid_2/27/134.png,27
pidgeon_images/pidgeon_vid_2/27/57.png,27
pidgeon_images/pidgeon_vid_2/27/94.png,27
pidgeon_images/pidgeon_vid_2/27/99.png,27
pidgeon_images/pidgeon_vid_2/27/104.png,27
pidgeon_images/pidgeon_vid_2/27/76.png,27
pidgeon_images/pidgeon_vid_2/27/146.png,27
pidgeon_images/pidgeon_vid_2/27/121.png,27
pidgeon_images/pidgeon_vid_2/27/85.png,27
pidgeon_images/pidgeon_vid_2/27/150.png,27
pidgeon_images/pidgeon_vid_2/27/113.png,27
pidgeon_images/pidgeon_vid_2/27/125.png,27
pidgeon_images/pidgeon_vid_2/27/106.png,27
pidgeon_images/pidgeon_vid_2/27/151.png,27
pidgeon_images/pidgeon_vid_2/27/62.png,27
pidgeon_images/pidgeon_vid_2/27/63.png,27
pidgeon_images/pidgeon_vid_2/27/144.png,27
pidgeon_images/pidgeon_vid_2/27/74.png,27
pidgeon_images/pidgeon_vid_2/27/102.png,27
pidgeon_images/pidgeon_vid_2/27/108.png,27
pidgeon_images/pidgeon_vid_2/27/53.png,27
pidgeon_images/pidgeon_vid_2/27/149.png,27
pidgeon_images/pidgeon_vid_2/27/153.png,27
pidgeon_images/pidgeon_vid_2/27/54.png,27
pidgeon_images/pidgeon_vid_2/27/98.png,27
pidgeon_images/pidgeon_vid_2/27/148.png,27
pidgeon_images/pidgeon_vid_2/27/133.png,27
pidgeon_images/pidgeon_vid_2/27/88.png,27
pidgeon_images/pidgeon_vid_2/27/66.png,27
pidgeon_images/pidgeon_vid_2/27/92.png,27
pidgeon_images/pidgeon_vid_2/27/147.png,27
pidgeon_images/pidgeon_vid_2/27/37.png,27
pidgeon_images/pidgeon_vid_2/27/103.png,27
pidgeon_images/pidgeon_vid_2/27/139.png,27
pidgeon_images/pidgeon_vid_2/27/122.png,27
pidgeon_images/pidgeon_vid_2/27/124.png,27
pidgeon_images/pidgeon_vid_2/27/126.png,27
pidgeon_images/pidgeon_vid_2/27/72.png,27
pidgeon_images/pidgeon_vid_2/27/101.png,27
pidgeon_images/pidgeon_vid_2/27/50.png,27
pidgeon_images/pidgeon_vid_2/27/84.png,27
pidgeon_images/pidgeon_vid_2/27/105.png,27
pidgeon_images/pidgeon_vid_2/27/77.png,27
pidgeon_images/pidgeon_vid_2/27/78.png,27
pidgeon_images/pidgeon_vid_2/27/96.png,27
pidgeon_images/pidgeon_vid_2/27/116.png,27
pidgeon_images/pidgeon_vid_2/27/59.png,27
pidgeon_images/pidgeon_vid_2/27/110.png,27
pidgeon_images/pidgeon_vid_2/27/118.png,27
pidgeon_images/pidgeon_vid_2/27/100.png,27
pidgeon_images/pidgeon_vid_2/27/79.png,27
pidgeon_images/pidgeon_vid_2/27/65.png,27
pidgeon_images/pidgeon_vid_2/27/130.png,27
pidgeon_images/pidgeon_vid_2/27/145.png,27
pidgeon_images/pidgeon_vid_2/27/61.png,27
pidgeon_images/pidgeon_vid_2/27/70.png,27
pidgeon_images/pidgeon_vid_2/27/107.png,27
pidgeon_images/pidgeon_vid_2/27/38.png,27
pidgeon_images/pidgeon_vid_2/27/68.png,27
pidgeon_images/pidgeon_vid_2/27/80.png,27
pidgeon_images/pidgeon_vid_2/27/75.png,27
pidgeon_images/pidgeon_vid_2/27/58.png,27
pidgeon_images/pidgeon_vid_2/27/67.png,27
pidgeon_images/pidgeon_vid_2/27/64.png,27
pidgeon_images/pidgeon_vid_2/27/141.png,27
pidgeon_images/pidgeon_vid_2/27/39.png,27
pidgeon_images/pidgeon_vid_2/27/137.png,27
pidgeon_images/pidgeon_vid_2/14/42.png,14
pidgeon_images/pidgeon_vid_2/14/35.png,14
pidgeon_images/pidgeon_vid_2/14/129.png,14
pidgeon_images/pidgeon_vid_2/14/27.png,14
pidgeon_images/pidgeon_vid_2/14/121.png,14
pidgeon_images/pidgeon_vid_2/14/13.png,14
pidgeon_images/pidgeon_vid_2/14/40.png,14
pidgeon_images/pidgeon_vid_2/14/4.png,14
pidgeon_images/pidgeon_vid_2/14/69.png,14
pidgeon_images/pidgeon_vid_2/14/67.png,14
pidgeon_images/pidgeon_vid_2/14/131.png,14
pidgeon_images/pidgeon_vid_2/14/126.png,14
pidgeon_images/pidgeon_vid_2/14/65.png,14
pidgeon_images/pidgeon_vid_2/14/68.png,14
pidgeon_images/pidgeon_vid_2/14/82.png,14
pidgeon_images/pidgeon_vid_2/14/127.png,14
pidgeon_images/pidgeon_vid_2/14/41.png,14
pidgeon_images/pidgeon_vid_2/14/16.png,14
pidgeon_images/pidgeon_vid_2/14/53.png,14
pidgeon_images/pidgeon_vid_2/14/34.png,14
pidgeon_images/pidgeon_vid_2/14/10.png,14
pidgeon_images/pidgeon_vid_2/14/5.png,14
pidgeon_images/pidgeon_vid_2/14/2.png,14
pidgeon_images/pidgeon_vid_2/14/48.png,14
pidgeon_images/pidgeon_vid_2/14/23.png,14
pidgeon_images/pidgeon_vid_2/14/132.png,14
pidgeon_images/pidgeon_vid_2/14/50.png,14
pidgeon_images/pidgeon_vid_2/14/54.png,14
pidgeon_images/pidgeon_vid_2/14/15.png,14
pidgeon_images/pidgeon_vid_2/14/128.png,14
pidgeon_images/pidgeon_vid_2/14/33.png,14
pidgeon_images/pidgeon_vid_2/14/0.png,14
pidgeon_images/pidgeon_vid_2/14/119.png,14
pidgeon_images/pidgeon_vid_2/14/12.png,14
pidgeon_images/pidgeon_vid_2/14/46.png,14
pidgeon_images/pidgeon_vid_2/14/29.png,14
pidgeon_images/pidgeon_vid_2/14/137.png,14
pidgeon_images/pidgeon_vid_2/14/52.png,14
pidgeon_images/pidgeon_vid_2/14/38.png,14
pidgeon_images/pidgeon_vid_2/14/49.png,14
pidgeon_images/pidgeon_vid_2/14/43.png,14
pidgeon_images/pidgeon_vid_2/14/39.png,14
pidgeon_images/pidgeon_vid_2/14/14.png,14
pidgeon_images/pidgeon_vid_2/14/17.png,14
pidgeon_images/pidgeon_vid_2/14/30.png,14
pidgeon_images/pidgeon_vid_2/14/11.png,14
pidgeon_images/pidgeon_vid_2/14/36.png,14
pidgeon_images/pidgeon_vid_2/14/24.png,14
pidgeon_images/pidgeon_vid_2/14/66.png,14
pidgeon_images/pidgeon_vid_2/14/22.png,14
pidgeon_images/pidgeon_vid_2/14/136.png,14
pidgeon_images/pidgeon_vid_2/14/138.png,14
pidgeon_images/pidgeon_vid_2/14/134.png,14
pidgeon_images/pidgeon_vid_2/14/25.png,14
pidgeon_images/pidgeon_vid_2/14/37.png,14
pidgeon_images/pidgeon_vid_2/14/51.png,14
pidgeon_images/pidgeon_vid_2/6/43.png,6
pidgeon_images/pidgeon_vid_2/6/104.png,6
pidgeon_images/pidgeon_vid_2/6/109.png,6
pidgeon_images/pidgeon_vid_2/6/21.png,6
pidgeon_images/pidgeon_vid_2/6/32.png,6
pidgeon_images/pidgeon_vid_2/6/92.png,6
pidgeon_images/pidgeon_vid_2/6/111.png,6
pidgeon_images/pidgeon_vid_2/6/5.png,6
pidgeon_images/pidgeon_vid_2/6/88.png,6
pidgeon_images/pidgeon_vid_2/6/13.png,6
pidgeon_images/pidgeon_vid_2/6/146.png,6
pidgeon_images/pidgeon_vid_2/6/144.png,6
pidgeon_images/pidgeon_vid_2/6/91.png,6
pidgeon_images/pidgeon_vid_2/6/103.png,6
pidgeon_images/pidgeon_vid_2/6/68.png,6
pidgeon_images/pidgeon_vid_2/6/75.png,6
pidgeon_images/pidgeon_vid_2/6/143.png,6
pidgeon_images/pidgeon_vid_2/6/132.png,6
pidgeon_images/pidgeon_vid_2/6/121.png,6
pidgeon_images/pidgeon_vid_2/6/150.png,6
pidgeon_images/pidgeon_vid_2/6/106.png,6
pidgeon_images/pidgeon_vid_2/6/152.png,6
pidgeon_images/pidgeon_vid_2/6/45.png,6
pidgeon_images/pidgeon_vid_2/6/112.png,6
pidgeon_images/pidgeon_vid_2/6/59.png,6
pidgeon_images/pidgeon_vid_2/6/10.png,6
pidgeon_images/pidgeon_vid_2/6/36.png,6
pidgeon_images/pidgeon_vid_2/6/38.png,6
pidgeon_images/pidgeon_vid_2/6/54.png,6
pidgeon_images/pidgeon_vid_2/6/53.png,6
pidgeon_images/pidgeon_vid_2/6/125.png,6
pidgeon_images/pidgeon_vid_2/6/102.png,6
pidgeon_images/pidgeon_vid_2/6/100.png,6
pidgeon_images/pidgeon_vid_2/6/40.png,6
pidgeon_images/pidgeon_vid_2/6/7.png,6
pidgeon_images/pidgeon_vid_2/6/20.png,6
pidgeon_images/pidgeon_vid_2/6/107.png,6
pidgeon_images/pidgeon_vid_2/6/35.png,6
pidgeon_images/pidgeon_vid_2/6/49.png,6
pidgeon_images/pidgeon_vid_2/6/47.png,6
pidgeon_images/pidgeon_vid_2/6/122.png,6
pidgeon_images/pidgeon_vid_2/6/1.png,6
pidgeon_images/pidgeon_vid_2/6/42.png,6
pidgeon_images/pidgeon_vid_2/6/138.png,6
pidgeon_images/pidgeon_vid_2/6/34.png,6
pidgeon_images/pidgeon_vid_2/6/52.png,6
pidgeon_images/pidgeon_vid_2/6/98.png,6
pidgeon_images/pidgeon_vid_2/6/110.png,6
pidgeon_images/pidgeon_vid_2/6/0.png,6
pidgeon_images/pidgeon_vid_2/6/55.png,6
pidgeon_images/pidgeon_vid_2/6/94.png,6
pidgeon_images/pidgeon_vid_2/6/130.png,6
pidgeon_images/pidgeon_vid_2/6/153.png,6
pidgeon_images/pidgeon_vid_2/6/135.png,6
pidgeon_images/pidgeon_vid_2/6/27.png,6
pidgeon_images/pidgeon_vid_2/6/136.png,6
pidgeon_images/pidgeon_vid_2/6/95.png,6
pidgeon_images/pidgeon_vid_2/6/22.png,6
pidgeon_images/pidgeon_vid_2/6/44.png,6
pidgeon_images/pidgeon_vid_2/6/126.png,6
pidgeon_images/pidgeon_vid_2/6/137.png,6
pidgeon_images/pidgeon_vid_2/6/64.png,6
pidgeon_images/pidgeon_vid_2/6/108.png,6
pidgeon_images/pidgeon_vid_2/6/24.png,6
pidgeon_images/pidgeon_vid_2/6/3.png,6
pidgeon_images/pidgeon_vid_2/6/48.png,6
pidgeon_images/pidgeon_vid_2/6/72.png,6
pidgeon_images/pidgeon_vid_2/6/66.png,6
pidgeon_images/pidgeon_vid_2/6/37.png,6
pidgeon_images/pidgeon_vid_2/6/65.png,6
pidgeon_images/pidgeon_vid_2/6/63.png,6
pidgeon_images/pidgeon_vid_2/6/8.png,6
pidgeon_images/pidgeon_vid_2/6/119.png,6
pidgeon_images/pidgeon_vid_2/6/99.png,6
pidgeon_images/pidgeon_vid_2/6/26.png,6
pidgeon_images/pidgeon_vid_2/6/46.png,6
pidgeon_images/pidgeon_vid_2/6/120.png,6
pidgeon_images/pidgeon_vid_2/6/57.png,6
pidgeon_images/pidgeon_vid_2/6/61.png,6
pidgeon_images/pidgeon_vid_2/6/51.png,6
pidgeon_images/pidgeon_vid_2/6/127.png,6
pidgeon_images/pidgeon_vid_2/6/4.png,6
pidgeon_images/pidgeon_vid_2/6/87.png,6
pidgeon_images/pidgeon_vid_2/6/56.png,6
pidgeon_images/pidgeon_vid_2/6/58.png,6
pidgeon_images/pidgeon_vid_2/6/6.png,6
pidgeon_images/pidgeon_vid_2/3/109.png,3
pidgeon_images/pidgeon_vid_2/3/58.png,3
pidgeon_images/pidgeon_vid_2/3/106.png,3
pidgeon_images/pidgeon_vid_2/3/96.png,3
pidgeon_images/pidgeon_vid_2/3/11.png,3
pidgeon_images/pidgeon_vid_2/3/113.png,3
pidgeon_images/pidgeon_vid_2/3/34.png,3
pidgeon_images/pidgeon_vid_2/3/46.png,3
pidgeon_images/pidgeon_vid_2/3/4.png,3
pidgeon_images/pidgeon_vid_2/3/27.png,3
pidgeon_images/pidgeon_vid_2/3/47.png,3
pidgeon_images/pidgeon_vid_2/3/102.png,3
pidgeon_images/pidgeon_vid_2/3/92.png,3
pidgeon_images/pidgeon_vid_2/3/29.png,3
pidgeon_images/pidgeon_vid_2/3/112.png,3
pidgeon_images/pidgeon_vid_2/3/94.png,3
pidgeon_images/pidgeon_vid_2/3/51.png,3
pidgeon_images/pidgeon_vid_2/3/70.png,3
pidgeon_images/pidgeon_vid_2/3/16.png,3
pidgeon_images/pidgeon_vid_2/3/67.png,3
pidgeon_images/pidgeon_vid_2/3/0.png,3
pidgeon_images/pidgeon_vid_2/3/32.png,3
pidgeon_images/pidgeon_vid_2/3/39.png,3
pidgeon_images/pidgeon_vid_2/3/93.png,3
pidgeon_images/pidgeon_vid_2/3/62.png,3
pidgeon_images/pidgeon_vid_2/3/85.png,3
pidgeon_images/pidgeon_vid_2/3/80.png,3
pidgeon_images/pidgeon_vid_2/3/68.png,3
pidgeon_images/pidgeon_vid_2/3/7.png,3
pidgeon_images/pidgeon_vid_2/3/38.png,3
pidgeon_images/pidgeon_vid_2/3/110.png,3
pidgeon_images/pidgeon_vid_2/3/5.png,3
pidgeon_images/pidgeon_vid_2/3/45.png,3
pidgeon_images/pidgeon_vid_2/3/12.png,3
pidgeon_images/pidgeon_vid_2/3/19.png,3
pidgeon_images/pidgeon_vid_2/3/37.png,3
pidgeon_images/pidgeon_vid_2/3/20.png,3
pidgeon_images/pidgeon_vid_2/3/8.png,3
pidgeon_images/pidgeon_vid_2/3/61.png,3
pidgeon_images/pidgeon_vid_2/3/10.png,3
pidgeon_images/pidgeon_vid_2/3/6.png,3
pidgeon_images/pidgeon_vid_2/3/25.png,3
pidgeon_images/pidgeon_vid_2/3/17.png,3
pidgeon_images/pidgeon_vid_2/3/108.png,3
pidgeon_images/pidgeon_vid_2/3/82.png,3
pidgeon_images/pidgeon_vid_2/3/30.png,3
pidgeon_images/pidgeon_vid_2/3/21.png,3
pidgeon_images/pidgeon_vid_2/3/22.png,3
pidgeon_images/pidgeon_vid_2/3/99.png,3
pidgeon_images/pidgeon_vid_2/3/74.png,3
pidgeon_images/pidgeon_vid_2/3/9.png,3
pidgeon_images/pidgeon_vid_2/3/107.png,3
pidgeon_images/pidgeon_vid_2/3/31.png,3
pidgeon_images/pidgeon_vid_2/3/69.png,3
pidgeon_images/pidgeon_vid_2/3/71.png,3
pidgeon_images/pidgeon_vid_2/3/117.png,3
pidgeon_images/pidgeon_vid_2/3/56.png,3
pidgeon_images/pidgeon_vid_2/3/100.png,3
pidgeon_images/pidgeon_vid_2/3/44.png,3
pidgeon_images/pidgeon_vid_2/3/1.png,3
pidgeon_images/pidgeon_vid_2/3/86.png,3
pidgeon_images/pidgeon_vid_2/3/3.png,3
pidgeon_images/pidgeon_vid_2/3/48.png,3
pidgeon_images/pidgeon_vid_2/3/24.png,3
pidgeon_images/pidgeon_vid_2/3/54.png,3
pidgeon_images/pidgeon_vid_2/3/33.png,3
pidgeon_images/pidgeon_vid_2/3/116.png,3
pidgeon_images/pidgeon_vid_2/3/115.png,3
pidgeon_images/pidgeon_vid_2/3/26.png,3
pidgeon_images/pidgeon_vid_2/3/52.png,3
pidgeon_images/pidgeon_vid_2/3/13.png,3
pidgeon_images/pidgeon_vid_2/3/75.png,3
pidgeon_images/pidgeon_vid_2/3/36.png,3
pidgeon_images/pidgeon_vid_2/1/34.png,1
pidgeon_images/pidgeon_vid_2/1/20.png,1
pidgeon_images/pidgeon_vid_2/1/18.png,1
pidgeon_images/pidgeon_vid_2/1/9.png,1
pidgeon_images/pidgeon_vid_2/1/8.png,1
pidgeon_images/pidgeon_vid_2/1/37.png,1
pidgeon_images/pidgeon_vid_2/1/32.png,1
pidgeon_images/pidgeon_vid_2/1/55.png,1
pidgeon_images/pidgeon_vid_2/1/28.png,1
pidgeon_images/pidgeon_vid_2/1/29.png,1
pidgeon_images/pidgeon_vid_2/1/35.png,1
pidgeon_images/pidgeon_vid_2/1/51.png,1
pidgeon_images/pidgeon_vid_2/1/4.png,1
pidgeon_images/pidgeon_vid_2/1/15.png,1
pidgeon_images/pidgeon_vid_2/1/64.png,1
pidgeon_images/pidgeon_vid_2/1/58.png,1
pidgeon_images/pidgeon_vid_2/1/22.png,1
pidgeon_images/pidgeon_vid_2/1/59.png,1
pidgeon_images/pidgeon_vid_2/1/27.png,1
pidgeon_images/pidgeon_vid_2/1/25.png,1
pidgeon_images/pidgeon_vid_2/1/6.png,1
pidgeon_images/pidgeon_vid_2/1/46.png,1
pidgeon_images/pidgeon_vid_2/1/63.png,1
pidgeon_images/pidgeon_vid_2/1/1.png,1
pidgeon_images/pidgeon_vid_2/1/49.png,1
pidgeon_images/pidgeon_vid_2/1/17.png,1
pidgeon_images/pidgeon_vid_2/1/0.png,1
pidgeon_images/pidgeon_vid_2/1/26.png,1
pidgeon_images/pidgeon_vid_2/1/48.png,1
pidgeon_images/pidgeon_vid_2/1/24.png,1
pidgeon_images/pidgeon_vid_2/1/47.png,1
pidgeon_images/pidgeon_vid_2/1/54.png,1
pidgeon_images/pidgeon_vid_2/1/57.png,1
pidgeon_images/pidgeon_vid_2/1/13.png,1
pidgeon_images/pidgeon_vid_2/1/5.png,1
pidgeon_images/pidgeon_vid_2/1/7.png,1
pidgeon_images/pidgeon_vid_2/1/56.png,1
pidgeon_images/pidgeon_vid_2/1/62.png,1
pidgeon_images/pidgeon_vid_2/1/61.png,1
pidgeon_images/pidgeon_vid_2/11/30.png,11
pidgeon_images/pidgeon_vid_2/11/105.png,11
pidgeon_images/pidgeon_vid_2/11/38.png,11
pidgeon_images/pidgeon_vid_2/11/71.png,11
pidgeon_images/pidgeon_vid_2/11/50.png,11
pidgeon_images/pidgeon_vid_2/11/124.png,11
pidgeon_images/pidgeon_vid_2/11/121.png,11
pidgeon_images/pidgeon_vid_2/11/97.png,11
pidgeon_images/pidgeon_vid_2/11/100.png,11
pidgeon_images/pidgeon_vid_2/11/151.png,11
pidgeon_images/pidgeon_vid_2/11/74.png,11
pidgeon_images/pidgeon_vid_2/11/46.png,11
pidgeon_images/pidgeon_vid_2/11/13.png,11
pidgeon_images/pidgeon_vid_2/11/152.png,11
pidgeon_images/pidgeon_vid_2/11/122.png,11
pidgeon_images/pidgeon_vid_2/11/73.png,11
pidgeon_images/pidgeon_vid_2/11/109.png,11
pidgeon_images/pidgeon_vid_2/11/81.png,11
pidgeon_images/pidgeon_vid_2/11/126.png,11
pidgeon_images/pidgeon_vid_2/11/133.png,11
pidgeon_images/pidgeon_vid_2/11/90.png,11
pidgeon_images/pidgeon_vid_2/11/118.png,11
pidgeon_images/pidgeon_vid_2/11/21.png,11
pidgeon_images/pidgeon_vid_2/11/119.png,11
pidgeon_images/pidgeon_vid_2/11/0.png,11
pidgeon_images/pidgeon_vid_2/11/7.png,11
pidgeon_images/pidgeon_vid_2/11/57.png,11
pidgeon_images/pidgeon_vid_2/11/11.png,11
pidgeon_images/pidgeon_vid_2/11/134.png,11
pidgeon_images/pidgeon_vid_2/11/115.png,11
pidgeon_images/pidgeon_vid_2/11/43.png,11
pidgeon_images/pidgeon_vid_2/11/147.png,11
pidgeon_images/pidgeon_vid_2/11/112.png,11
pidgeon_images/pidgeon_vid_2/11/35.png,11
pidgeon_images/pidgeon_vid_2/11/70.png,11
pidgeon_images/pidgeon_vid_2/11/117.png,11
pidgeon_images/pidgeon_vid_2/11/98.png,11
pidgeon_images/pidgeon_vid_2/11/65.png,11
pidgeon_images/pidgeon_vid_2/11/26.png,11
pidgeon_images/pidgeon_vid_2/11/19.png,11
pidgeon_images/pidgeon_vid_2/11/48.png,11
pidgeon_images/pidgeon_vid_2/11/68.png,11
pidgeon_images/pidgeon_vid_2/11/136.png,11
pidgeon_images/pidgeon_vid_2/11/15.png,11
pidgeon_images/pidgeon_vid_2/11/143.png,11
pidgeon_images/pidgeon_vid_2/11/75.png,11
pidgeon_images/pidgeon_vid_2/11/86.png,11
pidgeon_images/pidgeon_vid_2/11/135.png,11
pidgeon_images/pidgeon_vid_2/11/10.png,11
pidgeon_images/pidgeon_vid_2/11/125.png,11
pidgeon_images/pidgeon_vid_2/11/106.png,11
pidgeon_images/pidgeon_vid_2/11/114.png,11
pidgeon_images/pidgeon_vid_2/11/138.png,11
pidgeon_images/pidgeon_vid_2/11/58.png,11
pidgeon_images/pidgeon_vid_2/11/103.png,11
pidgeon_images/pidgeon_vid_2/11/64.png,11
pidgeon_images/pidgeon_vid_2/11/144.png,11
pidgeon_images/pidgeon_vid_2/11/62.png,11
pidgeon_images/pidgeon_vid_2/11/16.png,11
pidgeon_images/pidgeon_vid_2/11/55.png,11
pidgeon_images/pidgeon_vid_2/11/95.png,11
pidgeon_images/pidgeon_vid_2/11/102.png,11
pidgeon_images/pidgeon_vid_2/11/140.png,11
pidgeon_images/pidgeon_vid_2/11/54.png,11
pidgeon_images/pidgeon_vid_2/11/146.png,11
pidgeon_images/pidgeon_vid_2/11/153.png,11
pidgeon_images/pidgeon_vid_2/11/101.png,11
pidgeon_images/pidgeon_vid_2/11/51.png,11
pidgeon_images/pidgeon_vid_2/11/12.png,11
pidgeon_images/pidgeon_vid_2/11/91.png,11
pidgeon_images/pidgeon_vid_2/11/72.png,11
pidgeon_images/pidgeon_vid_2/11/87.png,11
pidgeon_images/pidgeon_vid_2/11/8.png,11
pidgeon_images/pidgeon_vid_2/11/93.png,11
pidgeon_images/pidgeon_vid_2/11/27.png,11
pidgeon_images/pidgeon_vid_2/11/69.png,11
pidgeon_images/pidgeon_vid_2/11/52.png,11
pidgeon_images/pidgeon_vid_2/11/66.png,11
pidgeon_images/pidgeon_vid_2/11/111.png,11
pidgeon_images/pidgeon_vid_2/11/108.png,11
pidgeon_images/pidgeon_vid_2/11/37.png,11
pidgeon_images/pidgeon_vid_2/11/76.png,11
pidgeon_images/pidgeon_vid_2/11/36.png,11
pidgeon_images/pidgeon_vid_2/11/2.png,11
pidgeon_images/pidgeon_vid_2/11/20.png,11
pidgeon_images/pidgeon_vid_2/11/82.png,11
pidgeon_images/pidgeon_vid_2/11/78.png,11
pidgeon_images/pidgeon_vid_2/11/130.png,11
pidgeon_images/pidgeon_vid_2/11/47.png,11
pidgeon_images/pidgeon_vid_2/11/99.png,11
pidgeon_images/pidgeon_vid_2/11/77.png,11
pidgeon_images/pidgeon_vid_2/11/1.png,11
pidgeon_images/pidgeon_vid_2/11/23.png,11
pidgeon_images/pidgeon_vid_2/11/59.png,11
pidgeon_images/pidgeon_vid_2/11/63.png,11
pidgeon_images/pidgeon_vid_2/11/17.png,11
pidgeon_images/pidgeon_vid_2/11/107.png,11
pidgeon_images/pidgeon_vid_2/11/85.png,11
pidgeon_images/pidgeon_vid_2/11/22.png,11
pidgeon_images/pidgeon_vid_2/11/18.png,11
pidgeon_images/pidgeon_vid_2/11/41.png,11
pidgeon_images/pidgeon_vid_2/11/28.png,11
pidgeon_images/pidgeon_vid_2/11/42.png,11
pidgeon_images/pidgeon_vid_2/11/127.png,11
pidgeon_images/pidgeon_vid_2/11/137.png,11
pidgeon_images/pidgeon_vid_2/13/46.png,13
pidgeon_images/pidgeon_vid_2/13/22.png,13
pidgeon_images/pidgeon_vid_2/13/43.png,13
pidgeon_images/pidgeon_vid_2/13/44.png,13
pidgeon_images/pidgeon_vid_2/13/150.png,13
pidgeon_images/pidgeon_vid_2/13/104.png,13
pidgeon_images/pidgeon_vid_2/13/2.png,13
pidgeon_images/pidgeon_vid_2/13/64.png,13
pidgeon_images/pidgeon_vid_2/13/24.png,13
pidgeon_images/pidgeon_vid_2/13/112.png,13
pidgeon_images/pidgeon_vid_2/13/116.png,13
pidgeon_images/pidgeon_vid_2/13/38.png,13
pidgeon_images/pidgeon_vid_2/13/153.png,13
pidgeon_images/pidgeon_vid_2/13/52.png,13
pidgeon_images/pidgeon_vid_2/13/107.png,13
pidgeon_images/pidgeon_vid_2/13/20.png,13
pidgeon_images/pidgeon_vid_2/13/62.png,13
pidgeon_images/pidgeon_vid_2/13/117.png,13
pidgeon_images/pidgeon_vid_2/13/85.png,13
pidgeon_images/pidgeon_vid_2/13/84.png,13
pidgeon_images/pidgeon_vid_2/13/138.png,13
pidgeon_images/pidgeon_vid_2/13/97.png,13
pidgeon_images/pidgeon_vid_2/13/125.png,13
pidgeon_images/pidgeon_vid_2/13/18.png,13
pidgeon_images/pidgeon_vid_2/13/73.png,13
pidgeon_images/pidgeon_vid_2/13/119.png,13
pidgeon_images/pidgeon_vid_2/13/23.png,13
pidgeon_images/pidgeon_vid_2/13/115.png,13
pidgeon_images/pidgeon_vid_2/13/122.png,13
pidgeon_images/pidgeon_vid_2/13/19.png,13
pidgeon_images/pidgeon_vid_2/13/12.png,13
pidgeon_images/pidgeon_vid_2/13/151.png,13
pidgeon_images/pidgeon_vid_2/13/4.png,13
pidgeon_images/pidgeon_vid_2/13/132.png,13
pidgeon_images/pidgeon_vid_2/13/99.png,13
pidgeon_images/pidgeon_vid_2/13/15.png,13
pidgeon_images/pidgeon_vid_2/13/135.png,13
pidgeon_images/pidgeon_vid_2/13/25.png,13
pidgeon_images/pidgeon_vid_2/13/63.png,13
pidgeon_images/pidgeon_vid_2/13/146.png,13
pidgeon_images/pidgeon_vid_2/13/77.png,13
pidgeon_images/pidgeon_vid_2/13/81.png,13
pidgeon_images/pidgeon_vid_2/13/21.png,13
pidgeon_images/pidgeon_vid_2/13/144.png,13
pidgeon_images/pidgeon_vid_2/13/94.png,13
pidgeon_images/pidgeon_vid_2/13/27.png,13
pidgeon_images/pidgeon_vid_2/13/134.png,13
pidgeon_images/pidgeon_vid_2/13/10.png,13
pidgeon_images/pidgeon_vid_2/13/83.png,13
pidgeon_images/pidgeon_vid_2/13/131.png,13
pidgeon_images/pidgeon_vid_2/13/106.png,13
pidgeon_images/pidgeon_vid_2/13/137.png,13
pidgeon_images/pidgeon_vid_2/13/91.png,13
pidgeon_images/pidgeon_vid_2/13/61.png,13
pidgeon_images/pidgeon_vid_2/13/127.png,13
pidgeon_images/pidgeon_vid_2/13/74.png,13
pidgeon_images/pidgeon_vid_2/13/89.png,13
pidgeon_images/pidgeon_vid_2/13/129.png,13
pidgeon_images/pidgeon_vid_2/13/0.png,13
pidgeon_images/pidgeon_vid_2/13/7.png,13
pidgeon_images/pidgeon_vid_2/13/13.png,13
pidgeon_images/pidgeon_vid_2/13/141.png,13
pidgeon_images/pidgeon_vid_2/13/35.png,13
pidgeon_images/pidgeon_vid_2/13/69.png,13
pidgeon_images/pidgeon_vid_2/13/5.png,13
pidgeon_images/pidgeon_vid_2/13/109.png,13
pidgeon_images/pidgeon_vid_2/13/105.png,13
pidgeon_images/pidgeon_vid_2/13/57.png,13
pidgeon_images/pidgeon_vid_2/13/79.png,13
pidgeon_images/pidgeon_vid_2/13/110.png,13
pidgeon_images/pidgeon_vid_2/13/148.png,13
pidgeon_images/pidgeon_vid_2/13/33.png,13
pidgeon_images/pidgeon_vid_2/13/41.png,13
pidgeon_images/pidgeon_vid_2/13/90.png,13
pidgeon_images/pidgeon_vid_2/13/70.png,13
pidgeon_images/pidgeon_vid_2/13/65.png,13
pidgeon_images/pidgeon_vid_2/13/9.png,13
pidgeon_images/pidgeon_vid_2/13/6.png,13
pidgeon_images/pidgeon_vid_2/13/133.png,13
pidgeon_images/pidgeon_vid_2/13/3.png,13
pidgeon_images/pidgeon_vid_2/13/16.png,13
pidgeon_images/pidgeon_vid_2/13/47.png,13
pidgeon_images/pidgeon_vid_2/13/71.png,13
pidgeon_images/pidgeon_vid_2/13/111.png,13
pidgeon_images/pidgeon_vid_2/13/145.png,13
pidgeon_images/pidgeon_vid_2/13/68.png,13
pidgeon_images/pidgeon_vid_2/13/114.png,13
pidgeon_images/pidgeon_vid_2/13/143.png,13
pidgeon_images/pidgeon_vid_2/13/75.png,13
pidgeon_images/pidgeon_vid_2/13/34.png,13
pidgeon_images/pidgeon_vid_2/13/123.png,13
pidgeon_images/pidgeon_vid_2/13/139.png,13
pidgeon_images/pidgeon_vid_2/13/67.png,13
pidgeon_images/pidgeon_vid_2/13/87.png,13
pidgeon_images/pidgeon_vid_2/13/1.png,13
pidgeon_images/pidgeon_vid_2/13/37.png,13
pidgeon_images/pidgeon_vid_2/13/58.png,13
pidgeon_images/pidgeon_vid_2/13/59.png,13
pidgeon_images/pidgeon_vid_2/13/56.png,13
pidgeon_images/pidgeon_vid_2/13/147.png,13
pidgeon_images/pidgeon_vid_2/13/121.png,13
pidgeon_images/pidgeon_vid_2/13/124.png,13
pidgeon_images/pidgeon_vid_2/13/42.png,13
pidgeon_images/pidgeon_vid_2/15/23.png,15
pidgeon_images/pidgeon_vid_2/15/3.png,15
pidgeon_images/pidgeon_vid_2/15/125.png,15
pidgeon_images/pidgeon_vid_2/15/36.png,15
pidgeon_images/pidgeon_vid_2/15/73.png,15
pidgeon_images/pidgeon_vid_2/15/48.png,15
pidgeon_images/pidgeon_vid_2/15/58.png,15
pidgeon_images/pidgeon_vid_2/15/78.png,15
pidgeon_images/pidgeon_vid_2/15/90.png,15
pidgeon_images/pidgeon_vid_2/15/47.png,15
pidgeon_images/pidgeon_vid_2/15/21.png,15
pidgeon_images/pidgeon_vid_2/15/43.png,15
pidgeon_images/pidgeon_vid_2/15/126.png,15
pidgeon_images/pidgeon_vid_2/15/65.png,15
pidgeon_images/pidgeon_vid_2/15/89.png,15
pidgeon_images/pidgeon_vid_2/15/18.png,15
pidgeon_images/pidgeon_vid_2/15/128.png,15
pidgeon_images/pidgeon_vid_2/15/148.png,15
pidgeon_images/pidgeon_vid_2/15/54.png,15
pidgeon_images/pidgeon_vid_2/15/8.png,15
pidgeon_images/pidgeon_vid_2/15/115.png,15
pidgeon_images/pidgeon_vid_2/15/129.png,15
pidgeon_images/pidgeon_vid_2/15/56.png,15
pidgeon_images/pidgeon_vid_2/15/146.png,15
pidgeon_images/pidgeon_vid_2/15/98.png,15
pidgeon_images/pidgeon_vid_2/15/49.png,15
pidgeon_images/pidgeon_vid_2/15/120.png,15
pidgeon_images/pidgeon_vid_2/15/97.png,15
pidgeon_images/pidgeon_vid_2/15/82.png,15
pidgeon_images/pidgeon_vid_2/15/87.png,15
pidgeon_images/pidgeon_vid_2/15/150.png,15
pidgeon_images/pidgeon_vid_2/15/153.png,15
pidgeon_images/pidgeon_vid_2/15/71.png,15
pidgeon_images/pidgeon_vid_2/15/91.png,15
pidgeon_images/pidgeon_vid_2/15/137.png,15
pidgeon_images/pidgeon_vid_2/15/45.png,15
pidgeon_images/pidgeon_vid_2/15/17.png,15
pidgeon_images/pidgeon_vid_2/15/111.png,15
pidgeon_images/pidgeon_vid_2/15/35.png,15
pidgeon_images/pidgeon_vid_2/15/29.png,15
pidgeon_images/pidgeon_vid_2/15/127.png,15
pidgeon_images/pidgeon_vid_2/15/151.png,15
pidgeon_images/pidgeon_vid_2/15/144.png,15
pidgeon_images/pidgeon_vid_2/15/105.png,15
pidgeon_images/pidgeon_vid_2/15/145.png,15
pidgeon_images/pidgeon_vid_2/15/116.png,15
pidgeon_images/pidgeon_vid_2/15/51.png,15
pidgeon_images/pidgeon_vid_2/15/123.png,15
pidgeon_images/pidgeon_vid_2/15/13.png,15
pidgeon_images/pidgeon_vid_2/15/142.png,15
pidgeon_images/pidgeon_vid_2/15/74.png,15
pidgeon_images/pidgeon_vid_2/15/57.png,15
pidgeon_images/pidgeon_vid_2/15/63.png,15
pidgeon_images/pidgeon_vid_2/15/26.png,15
pidgeon_images/pidgeon_vid_2/15/122.png,15
pidgeon_images/pidgeon_vid_2/15/110.png,15
pidgeon_images/pidgeon_vid_2/15/62.png,15
pidgeon_images/pidgeon_vid_2/15/20.png,15
pidgeon_images/pidgeon_vid_2/15/136.png,15
pidgeon_images/pidgeon_vid_2/15/46.png,15
pidgeon_images/pidgeon_vid_2/15/15.png,15
pidgeon_images/pidgeon_vid_2/15/118.png,15
pidgeon_images/pidgeon_vid_2/15/143.png,15
pidgeon_images/pidgeon_vid_2/15/96.png,15
pidgeon_images/pidgeon_vid_2/15/68.png,15
pidgeon_images/pidgeon_vid_2/15/112.png,15
pidgeon_images/pidgeon_vid_2/15/60.png,15
pidgeon_images/pidgeon_vid_2/15/80.png,15
pidgeon_images/pidgeon_vid_2/15/141.png,15
pidgeon_images/pidgeon_vid_2/15/134.png,15
pidgeon_images/pidgeon_vid_2/15/147.png,15
pidgeon_images/pidgeon_vid_2/15/76.png,15
pidgeon_images/pidgeon_vid_2/15/149.png,15
pidgeon_images/pidgeon_vid_2/15/55.png,15
pidgeon_images/pidgeon_vid_2/15/109.png,15
pidgeon_images/pidgeon_vid_2/15/99.png,15
pidgeon_images/pidgeon_vid_2/15/131.png,15
pidgeon_images/pidgeon_vid_2/15/93.png,15
pidgeon_images/pidgeon_vid_2/15/92.png,15
pidgeon_images/pidgeon_vid_2/15/121.png,15
pidgeon_images/pidgeon_vid_2/15/28.png,15
pidgeon_images/pidgeon_vid_2/15/130.png,15
pidgeon_images/pidgeon_vid_2/15/66.png,15
pidgeon_images/pidgeon_vid_2/15/104.png,15
pidgeon_images/pidgeon_vid_2/15/106.png,15
pidgeon_images/pidgeon_vid_2/15/72.png,15
pidgeon_images/pidgeon_vid_2/15/119.png,15
pidgeon_images/pidgeon_vid_2/15/117.png,15
pidgeon_images/pidgeon_vid_2/15/31.png,15
pidgeon_images/pidgeon_vid_2/15/64.png,15
pidgeon_images/pidgeon_vid_2/15/95.png,15
pidgeon_images/pidgeon_vid_2/15/59.png,15
pidgeon_images/pidgeon_vid_2/15/37.png,15
pidgeon_images/pidgeon_vid_2/15/75.png,15
pidgeon_images/pidgeon_vid_2/15/5.png,15
pidgeon_images/pidgeon_vid_2/15/14.png,15
pidgeon_images/pidgeon_vid_2/15/102.png,15
pidgeon_images/pidgeon_vid_2/15/77.png,15
pidgeon_images/pidgeon_vid_2/4/146.png,4
pidgeon_images/pidgeon_vid_2/4/97.png,4
pidgeon_images/pidgeon_vid_2/4/122.png,4
pidgeon_images/pidgeon_vid_2/4/88.png,4
pidgeon_images/pidgeon_vid_2/4/42.png,4
pidgeon_images/pidgeon_vid_2/4/1.png,4
pidgeon_images/pidgeon_vid_2/4/30.png,4
pidgeon_images/pidgeon_vid_2/4/66.png,4
pidgeon_images/pidgeon_vid_2/4/6.png,4
pidgeon_images/pidgeon_vid_2/4/51.png,4
pidgeon_images/pidgeon_vid_2/4/135.png,4
pidgeon_images/pidgeon_vid_2/4/129.png,4
pidgeon_images/pidgeon_vid_2/4/152.png,4
pidgeon_images/pidgeon_vid_2/4/7.png,4
pidgeon_images/pidgeon_vid_2/4/38.png,4
pidgeon_images/pidgeon_vid_2/4/148.png,4
pidgeon_images/pidgeon_vid_2/4/0.png,4
pidgeon_images/pidgeon_vid_2/4/9.png,4
pidgeon_images/pidgeon_vid_2/4/102.png,4
pidgeon_images/pidgeon_vid_2/4/123.png,4
pidgeon_images/pidgeon_vid_2/4/107.png,4
pidgeon_images/pidgeon_vid_2/4/50.png,4
pidgeon_images/pidgeon_vid_2/4/4.png,4
pidgeon_images/pidgeon_vid_2/4/98.png,4
pidgeon_images/pidgeon_vid_2/4/33.png,4
pidgeon_images/pidgeon_vid_2/4/117.png,4
pidgeon_images/pidgeon_vid_2/4/78.png,4
pidgeon_images/pidgeon_vid_2/4/126.png,4
pidgeon_images/pidgeon_vid_2/4/151.png,4
pidgeon_images/pidgeon_vid_2/4/137.png,4
pidgeon_images/pidgeon_vid_2/4/100.png,4
pidgeon_images/pidgeon_vid_2/4/110.png,4
pidgeon_images/pidgeon_vid_2/4/153.png,4
pidgeon_images/pidgeon_vid_2/4/61.png,4
pidgeon_images/pidgeon_vid_2/4/3.png,4
pidgeon_images/pidgeon_vid_2/4/86.png,4
pidgeon_images/pidgeon_vid_2/4/90.png,4
pidgeon_images/pidgeon_vid_2/4/53.png,4
pidgeon_images/pidgeon_vid_2/4/83.png,4
pidgeon_images/pidgeon_vid_2/4/130.png,4
pidgeon_images/pidgeon_vid_2/4/95.png,4
pidgeon_images/pidgeon_vid_2/4/31.png,4
pidgeon_images/pidgeon_vid_2/4/120.png,4
pidgeon_images/pidgeon_vid_2/4/112.png,4
pidgeon_images/pidgeon_vid_2/4/67.png,4
pidgeon_images/pidgeon_vid_2/4/79.png,4
pidgeon_images/pidgeon_vid_2/4/113.png,4
pidgeon_images/pidgeon_vid_2/4/93.png,4
pidgeon_images/pidgeon_vid_2/4/55.png,4
pidgeon_images/pidgeon_vid_2/4/49.png,4
pidgeon_images/pidgeon_vid_2/4/17.png,4
pidgeon_images/pidgeon_vid_2/4/75.png,4
pidgeon_images/pidgeon_vid_2/4/143.png,4
pidgeon_images/pidgeon_vid_2/4/19.png,4
pidgeon_images/pidgeon_vid_2/4/76.png,4
pidgeon_images/pidgeon_vid_2/4/14.png,4
pidgeon_images/pidgeon_vid_2/4/12.png,4
pidgeon_images/pidgeon_vid_2/4/99.png,4
pidgeon_images/pidgeon_vid_2/4/56.png,4
pidgeon_images/pidgeon_vid_2/4/65.png,4
pidgeon_images/pidgeon_vid_2/4/68.png,4
pidgeon_images/pidgeon_vid_2/4/133.png,4
pidgeon_images/pidgeon_vid_2/4/105.png,4
pidgeon_images/pidgeon_vid_2/4/72.png,4
pidgeon_images/pidgeon_vid_2/4/2.png,4
pidgeon_images/pidgeon_vid_2/4/144.png,4
pidgeon_images/pidgeon_vid_2/4/39.png,4
pidgeon_images/pidgeon_vid_2/4/141.png,4
pidgeon_images/pidgeon_vid_2/4/101.png,4
pidgeon_images/pidgeon_vid_2/4/59.png,4
pidgeon_images/pidgeon_vid_2/4/74.png,4
pidgeon_images/pidgeon_vid_2/4/81.png,4
pidgeon_images/pidgeon_vid_2/4/18.png,4
pidgeon_images/pidgeon_vid_2/4/77.png,4
pidgeon_images/pidgeon_vid_2/4/29.png,4
pidgeon_images/pidgeon_vid_2/4/136.png,4
pidgeon_images/pidgeon_vid_2/4/21.png,4
pidgeon_images/pidgeon_vid_2/4/52.png,4
pidgeon_images/pidgeon_vid_2/4/119.png,4
pidgeon_images/pidgeon_vid_2/4/46.png,4
pidgeon_images/pidgeon_vid_2/4/44.png,4
pidgeon_images/pidgeon_vid_2/4/48.png,4
pidgeon_images/pidgeon_vid_2/4/139.png,4
pidgeon_images/pidgeon_vid_2/4/145.png,4
pidgeon_images/pidgeon_vid_2/4/89.png,4
pidgeon_images/pidgeon_vid_2/4/131.png,4
pidgeon_images/pidgeon_vid_2/4/128.png,4
pidgeon_images/pidgeon_vid_2/4/132.png,4
pidgeon_images/pidgeon_vid_2/4/134.png,4
pidgeon_images/pidgeon_vid_2/4/58.png,4
pidgeon_images/pidgeon_vid_2/4/35.png,4
pidgeon_images/pidgeon_vid_2/4/16.png,4
pidgeon_images/pidgeon_vid_2/4/26.png,4
pidgeon_images/pidgeon_vid_2/4/57.png,4
pidgeon_images/pidgeon_vid_2/4/54.png,4
pidgeon_images/pidgeon_vid_2/4/96.png,4
pidgeon_images/pidgeon_vid_2/4/147.png,4
pidgeon_images/pidgeon_vid_2/4/84.png,4
pidgeon_images/pidgeon_vid_2/4/20.png,4
pidgeon_images/pidgeon_vid_2/4/104.png,4
pidgeon_images/pidgeon_vid_2/4/149.png,4
pidgeon_images/pidgeon_vid_2/4/36.png,4
pidgeon_images/pidgeon_vid_2/4/40.png,4
pidgeon_images/pidgeon_vid_2/4/62.png,4
pidgeon_images/pidgeon_vid_2/4/91.png,4
pidgeon_images/pidgeon_vid_2/4/150.png,4
pidgeon_images/pidgeon_vid_2/4/82.png,4
pidgeon_images/pidgeon_vid_2/26/65.png,26
pidgeon_images/pidgeon_vid_2/26/151.png,26
pidgeon_images/pidgeon_vid_2/26/146.png,26
pidgeon_images/pidgeon_vid_2/26/88.png,26
pidgeon_images/pidgeon_vid_2/26/110.png,26
pidgeon_images/pidgeon_vid_2/26/147.png,26
pidgeon_images/pidgeon_vid_2/26/120.png,26
pidgeon_images/pidgeon_vid_2/26/139.png,26
pidgeon_images/pidgeon_vid_2/26/111.png,26
pidgeon_images/pidgeon_vid_2/26/43.png,26
pidgeon_images/pidgeon_vid_2/26/99.png,26
pidgeon_images/pidgeon_vid_2/26/128.png,26
pidgeon_images/pidgeon_vid_2/26/86.png,26
pidgeon_images/pidgeon_vid_2/26/106.png,26
pidgeon_images/pidgeon_vid_2/26/109.png,26
pidgeon_images/pidgeon_vid_2/26/91.png,26
pidgeon_images/pidgeon_vid_2/26/148.png,26
pidgeon_images/pidgeon_vid_2/26/37.png,26
pidgeon_images/pidgeon_vid_2/26/76.png,26
pidgeon_images/pidgeon_vid_2/26/51.png,26
pidgeon_images/pidgeon_vid_2/26/72.png,26
pidgeon_images/pidgeon_vid_2/26/60.png,26
pidgeon_images/pidgeon_vid_2/26/98.png,26
pidgeon_images/pidgeon_vid_2/26/149.png,26
pidgeon_images/pidgeon_vid_2/26/136.png,26
pidgeon_images/pidgeon_vid_2/26/70.png,26
pidgeon_images/pidgeon_vid_2/26/142.png,26
pidgeon_images/pidgeon_vid_2/26/130.png,26
pidgeon_images/pidgeon_vid_2/26/133.png,26
pidgeon_images/pidgeon_vid_2/26/129.png,26
pidgeon_images/pidgeon_vid_2/26/50.png,26
pidgeon_images/pidgeon_vid_2/26/75.png,26
pidgeon_images/pidgeon_vid_2/26/141.png,26
pidgeon_images/pidgeon_vid_2/26/126.png,26
pidgeon_images/pidgeon_vid_2/26/57.png,26
pidgeon_images/pidgeon_vid_2/26/85.png,26
pidgeon_images/pidgeon_vid_2/26/80.png,26
pidgeon_images/pidgeon_vid_2/26/66.png,26
pidgeon_images/pidgeon_vid_2/26/127.png,26
pidgeon_images/pidgeon_vid_2/26/71.png,26
pidgeon_images/pidgeon_vid_2/26/122.png,26
pidgeon_images/pidgeon_vid_2/26/81.png,26
pidgeon_images/pidgeon_vid_2/26/68.png,26
pidgeon_images/pidgeon_vid_2/26/113.png,26
pidgeon_images/pidgeon_vid_2/26/132.png,26
pidgeon_images/pidgeon_vid_2/26/90.png,26
pidgeon_images/pidgeon_vid_2/26/49.png,26
pidgeon_images/pidgeon_vid_2/26/64.png,26
pidgeon_images/pidgeon_vid_2/26/143.png,26
pidgeon_images/pidgeon_vid_2/26/103.png,26
pidgeon_images/pidgeon_vid_2/26/97.png,26
pidgeon_images/pidgeon_vid_2/26/145.png,26
pidgeon_images/pidgeon_vid_2/26/36.png,26
pidgeon_images/pidgeon_vid_2/26/73.png,26
pidgeon_images/pidgeon_vid_2/26/47.png,26
pidgeon_images/pidgeon_vid_2/26/87.png,26
pidgeon_images/pidgeon_vid_2/26/105.png,26
pidgeon_images/pidgeon_vid_2/26/121.png,26
pidgeon_images/pidgeon_vid_2/26/42.png,26
pidgeon_images/pidgeon_vid_2/26/119.png,26
pidgeon_images/pidgeon_vid_2/26/62.png,26
pidgeon_images/pidgeon_vid_2/26/67.png,26
pidgeon_images/pidgeon_vid_2/26/100.png,26
pidgeon_images/pidgeon_vid_2/26/131.png,26
pidgeon_images/pidgeon_vid_2/26/114.png,26
pidgeon_images/pidgeon_vid_2/26/95.png,26
pidgeon_images/pidgeon_vid_2/26/53.png,26
pidgeon_images/pidgeon_vid_2/26/116.png,26
pidgeon_images/pidgeon_vid_2/26/74.png,26
pidgeon_images/pidgeon_vid_2/26/56.png,26
pidgeon_images/pidgeon_vid_2/26/82.png,26
pidgeon_images/pidgeon_vid_2/26/61.png,26
pidgeon_images/pidgeon_vid_2/8/60.png,8
pidgeon_images/pidgeon_vid_2/8/8.png,8
pidgeon_images/pidgeon_vid_2/8/20.png,8
pidgeon_images/pidgeon_vid_2/8/22.png,8
pidgeon_images/pidgeon_vid_2/8/49.png,8
pidgeon_images/pidgeon_vid_2/8/17.png,8
pidgeon_images/pidgeon_vid_2/8/14.png,8
pidgeon_images/pidgeon_vid_2/8/65.png,8
pidgeon_images/pidgeon_vid_2/8/31.png,8
pidgeon_images/pidgeon_vid_2/8/64.png,8
pidgeon_images/pidgeon_vid_2/8/36.png,8
pidgeon_images/pidgeon_vid_2/8/9.png,8
pidgeon_images/pidgeon_vid_2/8/40.png,8
pidgeon_images/pidgeon_vid_2/8/63.png,8
pidgeon_images/pidgeon_vid_2/8/56.png,8
pidgeon_images/pidgeon_vid_2/8/18.png,8
pidgeon_images/pidgeon_vid_2/8/10.png,8
pidgeon_images/pidgeon_vid_2/8/59.png,8
pidgeon_images/pidgeon_vid_2/8/50.png,8
pidgeon_images/pidgeon_vid_2/8/61.png,8
pidgeon_images/pidgeon_vid_2/8/57.png,8
pidgeon_images/pidgeon_vid_2/8/13.png,8
pidgeon_images/pidgeon_vid_2/8/24.png,8
pidgeon_images/pidgeon_vid_2/8/52.png,8
pidgeon_images/pidgeon_vid_2/8/48.png,8
pidgeon_images/pidgeon_vid_2/8/15.png,8
pidgeon_images/pidgeon_vid_2/8/34.png,8
pidgeon_images/pidgeon_vid_2/8/28.png,8
pidgeon_images/pidgeon_vid_2/8/23.png,8
pidgeon_images/pidgeon_vid_2/8/55.png,8
pidgeon_images/pidgeon_vid_2/8/37.png,8
pidgeon_images/pidgeon_vid_2/8/44.png,8
pidgeon_images/pidgeon_vid_2/8/41.png,8
pidgeon_images/pidgeon_vid_2/8/6.png,8
pidgeon_images/pidgeon_vid_2/8/33.png,8
pidgeon_images/pidgeon_vid_2/8/21.png,8
pidgeon_images/pidgeon_vid_2/8/38.png,8
pidgeon_images/pidgeon_vid_2/8/35.png,8
pidgeon_images/pidgeon_vid_2/8/5.png,8
pidgeon_images/pidgeon_vid_2/8/11.png,8
pidgeon_images/pidgeon_vid_2/8/19.png,8
pidgeon_images/pidgeon_vid_2/8/62.png,8
pidgeon_images/pidgeon_vid_2/8/12.png,8
pidgeon_images/pidgeon_vid_2/8/4.png,8
pidgeon_images/pidgeon_vid_2/8/51.png,8
pidgeon_images/pidgeon_vid_2/9/43.png,9
pidgeon_images/pidgeon_vid_2/9/127.png,9
pidgeon_images/pidgeon_vid_2/9/91.png,9
pidgeon_images/pidgeon_vid_2/9/112.png,9
pidgeon_images/pidgeon_vid_2/9/96.png,9
pidgeon_images/pidgeon_vid_2/9/109.png,9
pidgeon_images/pidgeon_vid_2/9/72.png,9
pidgeon_images/pidgeon_vid_2/9/20.png,9
pidgeon_images/pidgeon_vid_2/9/119.png,9
pidgeon_images/pidgeon_vid_2/9/74.png,9
pidgeon_images/pidgeon_vid_2/9/130.png,9
pidgeon_images/pidgeon_vid_2/9/15.png,9
pidgeon_images/pidgeon_vid_2/9/117.png,9
pidgeon_images/pidgeon_vid_2/9/24.png,9
pidgeon_images/pidgeon_vid_2/9/45.png,9
pidgeon_images/pidgeon_vid_2/9/89.png,9
pidgeon_images/pidgeon_vid_2/9/118.png,9
pidgeon_images/pidgeon_vid_2/9/81.png,9
pidgeon_images/pidgeon_vid_2/9/60.png,9
pidgeon_images/pidgeon_vid_2/9/0.png,9
pidgeon_images/pidgeon_vid_2/9/129.png,9
pidgeon_images/pidgeon_vid_2/9/51.png,9
pidgeon_images/pidgeon_vid_2/9/84.png,9
pidgeon_images/pidgeon_vid_2/9/101.png,9
pidgeon_images/pidgeon_vid_2/9/78.png,9
pidgeon_images/pidgeon_vid_2/9/124.png,9
pidgeon_images/pidgeon_vid_2/9/102.png,9
pidgeon_images/pidgeon_vid_2/9/5.png,9
pidgeon_images/pidgeon_vid_2/9/22.png,9
pidgeon_images/pidgeon_vid_2/9/1.png,9
pidgeon_images/pidgeon_vid_2/9/88.png,9
pidgeon_images/pidgeon_vid_2/9/35.png,9
pidgeon_images/pidgeon_vid_2/9/23.png,9
pidgeon_images/pidgeon_vid_2/9/55.png,9
pidgeon_images/pidgeon_vid_2/9/53.png,9
pidgeon_images/pidgeon_vid_2/9/103.png,9
pidgeon_images/pidgeon_vid_2/9/30.png,9
pidgeon_images/pidgeon_vid_2/9/90.png,9
pidgeon_images/pidgeon_vid_2/9/64.png,9
pidgeon_images/pidgeon_vid_2/9/41.png,9
pidgeon_images/pidgeon_vid_2/9/8.png,9
pidgeon_images/pidgeon_vid_2/9/49.png,9
pidgeon_images/pidgeon_vid_2/9/36.png,9
pidgeon_images/pidgeon_vid_2/9/120.png,9
pidgeon_images/pidgeon_vid_2/9/39.png,9
pidgeon_images/pidgeon_vid_2/9/27.png,9
pidgeon_images/pidgeon_vid_2/9/113.png,9
pidgeon_images/pidgeon_vid_2/9/106.png,9
pidgeon_images/pidgeon_vid_2/9/26.png,9
pidgeon_images/pidgeon_vid_2/9/33.png,9
pidgeon_images/pidgeon_vid_2/9/125.png,9
pidgeon_images/pidgeon_vid_2/9/12.png,9
pidgeon_images/pidgeon_vid_2/9/108.png,9
pidgeon_images/pidgeon_vid_2/9/104.png,9
pidgeon_images/pidgeon_vid_2/9/122.png,9
pidgeon_images/pidgeon_vid_2/9/2.png,9
pidgeon_images/pidgeon_vid_2/9/97.png,9
pidgeon_images/pidgeon_vid_2/9/4.png,9
pidgeon_images/pidgeon_vid_2/9/9.png,9
pidgeon_images/pidgeon_vid_2/9/66.png,9
pidgeon_images/pidgeon_vid_2/9/14.png,9
pidgeon_images/pidgeon_vid_2/9/18.png,9
pidgeon_images/pidgeon_vid_2/9/71.png,9
pidgeon_images/pidgeon_vid_2/9/69.png,9
pidgeon_images/pidgeon_vid_2/9/105.png,9
pidgeon_images/pidgeon_vid_2/9/37.png,9
pidgeon_images/pidgeon_vid_2/9/75.png,9
pidgeon_images/pidgeon_vid_2/9/40.png,9
pidgeon_images/pidgeon_vid_2/9/13.png,9
pidgeon_images/pidgeon_vid_2/9/92.png,9
pidgeon_images/pidgeon_vid_2/9/29.png,9
pidgeon_images/pidgeon_vid_2/9/32.png,9
pidgeon_images/pidgeon_vid_2/9/7.png,9
pidgeon_images/pidgeon_vid_2/9/44.png,9
pidgeon_images/pidgeon_vid_2/9/76.png,9
pidgeon_images/pidgeon_vid_2/9/121.png,9
pidgeon_images/pidgeon_vid_2/9/48.png,9
pidgeon_images/pidgeon_vid_2/9/19.png,9
pidgeon_images/pidgeon_vid_2/9/59.png,9
pidgeon_images/pidgeon_vid_2/9/52.png,9
pidgeon_images/pidgeon_vid_2/9/87.png,9
pidgeon_images/pidgeon_vid_2/9/34.png,9
pidgeon_images/pidgeon_vid_2/9/82.png,9
pidgeon_images/pidgeon_vid_2/9/132.png,9
pidgeon_images/pidgeon_vid_2/9/31.png,9
pidgeon_images/pidgeon_vid_2/9/6.png,9
pidgeon_images/pidgeon_vid_2/9/95.png,9
pidgeon_images/pidgeon_vid_2/9/57.png,9
pidgeon_images/pidgeon_vid_2/9/123.png,9
pidgeon_images/pidgeon_vid_2/9/62.png,9
pidgeon_images/pidgeon_vid_2/9/131.png,9
pidgeon_images/pidgeon_vid_2/9/47.png,9
pidgeon_images/pidgeon_vid_2/9/56.png,9
pidgeon_images/pidgeon_vid_2/18/69.png,18
pidgeon_images/pidgeon_vid_2/18/68.png,18
pidgeon_images/pidgeon_vid_2/18/22.png,18
pidgeon_images/pidgeon_vid_2/18/73.png,18
pidgeon_images/pidgeon_vid_2/18/125.png,18
pidgeon_images/pidgeon_vid_2/18/101.png,18
pidgeon_images/pidgeon_vid_2/18/21.png,18
pidgeon_images/pidgeon_vid_2/18/111.png,18
pidgeon_images/pidgeon_vid_2/18/130.png,18
pidgeon_images/pidgeon_vid_2/18/16.png,18
pidgeon_images/pidgeon_vid_2/18/33.png,18
pidgeon_images/pidgeon_vid_2/18/106.png,18
pidgeon_images/pidgeon_vid_2/18/118.png,18
pidgeon_images/pidgeon_vid_2/18/27.png,18
pidgeon_images/pidgeon_vid_2/18/76.png,18
pidgeon_images/pidgeon_vid_2/18/96.png,18
pidgeon_images/pidgeon_vid_2/18/34.png,18
pidgeon_images/pidgeon_vid_2/18/104.png,18
pidgeon_images/pidgeon_vid_2/18/63.png,18
pidgeon_images/pidgeon_vid_2/18/66.png,18
pidgeon_images/pidgeon_vid_2/18/119.png,18
pidgeon_images/pidgeon_vid_2/18/131.png,18
pidgeon_images/pidgeon_vid_2/18/25.png,18
pidgeon_images/pidgeon_vid_2/18/83.png,18
pidgeon_images/pidgeon_vid_2/18/117.png,18
pidgeon_images/pidgeon_vid_2/18/93.png,18
pidgeon_images/pidgeon_vid_2/18/71.png,18
pidgeon_images/pidgeon_vid_2/18/82.png,18
pidgeon_images/pidgeon_vid_2/18/116.png,18
pidgeon_images/pidgeon_vid_2/18/97.png,18
pidgeon_images/pidgeon_vid_2/18/121.png,18
pidgeon_images/pidgeon_vid_2/18/98.png,18
pidgeon_images/pidgeon_vid_2/18/105.png,18
pidgeon_images/pidgeon_vid_2/18/13.png,18
pidgeon_images/pidgeon_vid_2/18/120.png,18
pidgeon_images/pidgeon_vid_2/18/35.png,18
pidgeon_images/pidgeon_vid_2/18/55.png,18
pidgeon_images/pidgeon_vid_2/18/124.png,18
pidgeon_images/pidgeon_vid_2/18/84.png,18
pidgeon_images/pidgeon_vid_2/18/12.png,18
pidgeon_images/pidgeon_vid_2/18/65.png,18
pidgeon_images/pidgeon_vid_2/18/26.png,18
pidgeon_images/pidgeon_vid_2/18/115.png,18
pidgeon_images/pidgeon_vid_2/18/100.png,18
pidgeon_images/pidgeon_vid_2/18/14.png,18
pidgeon_images/pidgeon_vid_2/18/77.png,18
pidgeon_images/pidgeon_vid_2/18/62.png,18
pidgeon_images/pidgeon_vid_2/18/18.png,18
pidgeon_images/pidgeon_vid_2/18/95.png,18
pidgeon_images/pidgeon_vid_2/18/91.png,18
pidgeon_images/pidgeon_vid_2/18/99.png,18
pidgeon_images/pidgeon_vid_2/18/122.png,18
pidgeon_images/pidgeon_vid_2/18/110.png,18
pidgeon_images/pidgeon_vid_2/18/109.png,18
pidgeon_images/pidgeon_vid_2/18/89.png,18
pidgeon_images/pidgeon_vid_2/18/123.png,18
pidgeon_images/pidgeon_vid_2/18/32.png,18
pidgeon_images/pidgeon_vid_2/18/92.png,18
pidgeon_images/pidgeon_vid_2/18/87.png,18
pidgeon_images/pidgeon_vid_2/18/75.png,18
pidgeon_images/pidgeon_vid_2/18/128.png,18
pidgeon_images/pidgeon_vid_2/18/78.png,18
pidgeon_images/pidgeon_vid_2/33/138.png,33
pidgeon_images/pidgeon_vid_2/33/134.png,33
pidgeon_images/pidgeon_vid_2/33/112.png,33
pidgeon_images/pidgeon_vid_2/33/114.png,33
pidgeon_images/pidgeon_vid_2/33/132.png,33
pidgeon_images/pidgeon_vid_2/33/105.png,33
pidgeon_images/pidgeon_vid_2/33/97.png,33
pidgeon_images/pidgeon_vid_2/33/142.png,33
pidgeon_images/pidgeon_vid_2/33/74.png,33
pidgeon_images/pidgeon_vid_2/33/149.png,33
pidgeon_images/pidgeon_vid_2/33/98.png,33
pidgeon_images/pidgeon_vid_2/33/93.png,33
pidgeon_images/pidgeon_vid_2/33/151.png,33
pidgeon_images/pidgeon_vid_2/33/58.png,33
pidgeon_images/pidgeon_vid_2/33/146.png,33
pidgeon_images/pidgeon_vid_2/33/57.png,33
pidgeon_images/pidgeon_vid_2/33/126.png,33
pidgeon_images/pidgeon_vid_2/33/96.png,33
pidgeon_images/pidgeon_vid_2/33/125.png,33
pidgeon_images/pidgeon_vid_2/33/115.png,33
pidgeon_images/pidgeon_vid_2/33/91.png,33
pidgeon_images/pidgeon_vid_2/33/133.png,33
pidgeon_images/pidgeon_vid_2/33/120.png,33
pidgeon_images/pidgeon_vid_2/33/150.png,33
pidgeon_images/pidgeon_vid_2/33/143.png,33
pidgeon_images/pidgeon_vid_2/33/139.png,33
pidgeon_images/pidgeon_vid_2/33/152.png,33
pidgeon_images/pidgeon_vid_2/33/140.png,33
pidgeon_images/pidgeon_vid_2/33/90.png,33
pidgeon_images/pidgeon_vid_2/33/129.png,33
pidgeon_images/pidgeon_vid_2/33/107.png,33
pidgeon_images/pidgeon_vid_2/33/113.png,33
pidgeon_images/pidgeon_vid_2/33/95.png,33
pidgeon_images/pidgeon_vid_2/33/110.png,33
pidgeon_images/pidgeon_vid_2/33/144.png,33
pidgeon_images/pidgeon_vid_2/33/87.png,33
pidgeon_images/pidgeon_vid_2/33/106.png,33
pidgeon_images/pidgeon_vid_2/33/147.png,33
pidgeon_images/pidgeon_vid_2/33/136.png,33
pidgeon_images/pidgeon_vid_2/33/137.png,33
pidgeon_images/pidgeon_vid_2/33/62.png,33
pidgeon_images/pidgeon_vid_2/33/89.png,33
pidgeon_images/pidgeon_vid_2/33/88.png,33
pidgeon_images/pidgeon_vid_2/33/109.png,33
pidgeon_images/pidgeon_vid_2/10/146.png,10
pidgeon_images/pidgeon_vid_2/10/107.png,10
pidgeon_images/pidgeon_vid_2/10/49.png,10
pidgeon_images/pidgeon_vid_2/10/127.png,10
pidgeon_images/pidgeon_vid_2/10/61.png,10
pidgeon_images/pidgeon_vid_2/10/1.png,10
pidgeon_images/pidgeon_vid_2/10/27.png,10
pidgeon_images/pidgeon_vid_2/10/13.png,10
pidgeon_images/pidgeon_vid_2/10/92.png,10
pidgeon_images/pidgeon_vid_2/10/66.png,10
pidgeon_images/pidgeon_vid_2/10/69.png,10
pidgeon_images/pidgeon_vid_2/10/58.png,10
pidgeon_images/pidgeon_vid_2/10/30.png,10
pidgeon_images/pidgeon_vid_2/10/33.png,10
pidgeon_images/pidgeon_vid_2/10/109.png,10
pidgeon_images/pidgeon_vid_2/10/40.png,10
pidgeon_images/pidgeon_vid_2/10/136.png,10
pidgeon_images/pidgeon_vid_2/10/17.png,10
pidgeon_images/pidgeon_vid_2/10/150.png,10
pidgeon_images/pidgeon_vid_2/10/103.png,10
pidgeon_images/pidgeon_vid_2/10/9.png,10
pidgeon_images/pidgeon_vid_2/10/82.png,10
pidgeon_images/pidgeon_vid_2/10/22.png,10
pidgeon_images/pidgeon_vid_2/10/19.png,10
pidgeon_images/pidgeon_vid_2/10/10.png,10
pidgeon_images/pidgeon_vid_2/10/34.png,10
pidgeon_images/pidgeon_vid_2/10/11.png,10
pidgeon_images/pidgeon_vid_2/10/97.png,10
pidgeon_images/pidgeon_vid_2/10/24.png,10
pidgeon_images/pidgeon_vid_2/10/115.png,10
pidgeon_images/pidgeon_vid_2/10/145.png,10
pidgeon_images/pidgeon_vid_2/10/131.png,10
pidgeon_images/pidgeon_vid_2/10/74.png,10
pidgeon_images/pidgeon_vid_2/10/71.png,10
pidgeon_images/pidgeon_vid_2/10/53.png,10
pidgeon_images/pidgeon_vid_2/10/133.png,10
pidgeon_images/pidgeon_vid_2/10/116.png,10
pidgeon_images/pidgeon_vid_2/10/149.png,10
pidgeon_images/pidgeon_vid_2/10/91.png,10
pidgeon_images/pidgeon_vid_2/10/143.png,10
pidgeon_images/pidgeon_vid_2/10/75.png,10
pidgeon_images/pidgeon_vid_2/10/114.png,10
pidgeon_images/pidgeon_vid_2/10/65.png,10
pidgeon_images/pidgeon_vid_2/10/83.png,10
pidgeon_images/pidgeon_vid_2/10/31.png,10
pidgeon_images/pidgeon_vid_2/10/59.png,10
pidgeon_images/pidgeon_vid_2/10/52.png,10
pidgeon_images/pidgeon_vid_2/10/23.png,10
pidgeon_images/pidgeon_vid_2/10/121.png,10
pidgeon_images/pidgeon_vid_2/10/56.png,10
pidgeon_images/pidgeon_vid_2/10/152.png,10
pidgeon_images/pidgeon_vid_2/10/144.png,10
pidgeon_images/pidgeon_vid_2/10/104.png,10
pidgeon_images/pidgeon_vid_2/10/124.png,10
pidgeon_images/pidgeon_vid_2/10/41.png,10
pidgeon_images/pidgeon_vid_2/10/36.png,10
pidgeon_images/pidgeon_vid_2/10/42.png,10
pidgeon_images/pidgeon_vid_2/10/16.png,10
pidgeon_images/pidgeon_vid_2/10/29.png,10
pidgeon_images/pidgeon_vid_2/10/76.png,10
pidgeon_images/pidgeon_vid_2/10/55.png,10
pidgeon_images/pidgeon_vid_2/10/93.png,10
pidgeon_images/pidgeon_vid_2/10/8.png,10
pidgeon_images/pidgeon_vid_2/10/37.png,10
pidgeon_images/pidgeon_vid_2/10/78.png,10
pidgeon_images/pidgeon_vid_2/10/18.png,10
pidgeon_images/pidgeon_vid_2/10/79.png,10
pidgeon_images/pidgeon_vid_2/10/84.png,10
pidgeon_images/pidgeon_vid_2/10/140.png,10
pidgeon_images/pidgeon_vid_2/10/117.png,10
pidgeon_images/pidgeon_vid_2/10/100.png,10
pidgeon_images/pidgeon_vid_2/10/89.png,10
pidgeon_images/pidgeon_vid_2/10/54.png,10
pidgeon_images/pidgeon_vid_2/10/12.png,10
pidgeon_images/pidgeon_vid_2/10/148.png,10
pidgeon_images/pidgeon_vid_2/10/147.png,10
pidgeon_images/pidgeon_vid_2/10/67.png,10
pidgeon_images/pidgeon_vid_2/10/108.png,10
pidgeon_images/pidgeon_vid_2/10/28.png,10
pidgeon_images/pidgeon_vid_2/10/142.png,10
pidgeon_images/pidgeon_vid_2/10/47.png,10
pidgeon_images/pidgeon_vid_2/10/7.png,10
pidgeon_images/pidgeon_vid_2/10/123.png,10
pidgeon_images/pidgeon_vid_2/10/80.png,10
pidgeon_images/pidgeon_vid_2/10/102.png,10
pidgeon_images/pidgeon_vid_2/10/122.png,10
pidgeon_images/pidgeon_vid_2/10/44.png,10
pidgeon_images/pidgeon_vid_2/10/132.png,10
pidgeon_images/pidgeon_vid_2/10/81.png,10
pidgeon_images/pidgeon_vid_2/10/105.png,10
pidgeon_images/pidgeon_vid_2/10/137.png,10
pidgeon_images/pidgeon_vid_2/10/153.png,10
pidgeon_images/pidgeon_vid_2/10/72.png,10
pidgeon_images/pidgeon_vid_2/10/15.png,10
pidgeon_images/pidgeon_vid_2/10/6.png,10
pidgeon_images/pidgeon_vid_2/10/139.png,10
pidgeon_images/pidgeon_vid_2/10/26.png,10
pidgeon_images/pidgeon_vid_2/10/0.png,10
pidgeon_images/pidgeon_vid_2/10/141.png,10
pidgeon_images/pidgeon_vid_2/10/86.png,10
pidgeon_images/pidgeon_vid_2/10/135.png,10
pidgeon_images/pidgeon_vid_2/10/77.png,10
pidgeon_images/pidgeon_vid_2/10/87.png,10
pidgeon_images/pidgeon_vid_2/10/35.png,10
pidgeon_images/pidgeon_vid_2/10/118.png,10
pidgeon_images/pidgeon_vid_2/17/91.png,17
pidgeon_images/pidgeon_vid_2/17/135.png,17
pidgeon_images/pidgeon_vid_2/17/145.png,17
pidgeon_images/pidgeon_vid_2/17/96.png,17
pidgeon_images/pidgeon_vid_2/17/34.png,17
pidgeon_images/pidgeon_vid_2/17/7.png,17
pidgeon_images/pidgeon_vid_2/17/81.png,17
pidgeon_images/pidgeon_vid_2/17/117.png,17
pidgeon_images/pidgeon_vid_2/17/121.png,17
pidgeon_images/pidgeon_vid_2/17/26.png,17
pidgeon_images/pidgeon_vid_2/17/37.png,17
pidgeon_images/pidgeon_vid_2/17/90.png,17
pidgeon_images/pidgeon_vid_2/17/40.png,17
pidgeon_images/pidgeon_vid_2/17/137.png,17
pidgeon_images/pidgeon_vid_2/17/109.png,17
pidgeon_images/pidgeon_vid_2/17/101.png,17
pidgeon_images/pidgeon_vid_2/17/141.png,17
pidgeon_images/pidgeon_vid_2/17/61.png,17
pidgeon_images/pidgeon_vid_2/17/111.png,17
pidgeon_images/pidgeon_vid_2/17/95.png,17
pidgeon_images/pidgeon_vid_2/17/55.png,17
pidgeon_images/pidgeon_vid_2/17/122.png,17
pidgeon_images/pidgeon_vid_2/17/124.png,17
pidgeon_images/pidgeon_vid_2/17/99.png,17
pidgeon_images/pidgeon_vid_2/17/70.png,17
pidgeon_images/pidgeon_vid_2/17/148.png,17
pidgeon_images/pidgeon_vid_2/17/120.png,17
pidgeon_images/pidgeon_vid_2/17/116.png,17
pidgeon_images/pidgeon_vid_2/17/13.png,17
pidgeon_images/pidgeon_vid_2/17/102.png,17
pidgeon_images/pidgeon_vid_2/17/35.png,17
pidgeon_images/pidgeon_vid_2/17/59.png,17
pidgeon_images/pidgeon_vid_2/17/18.png,17
pidgeon_images/pidgeon_vid_2/17/10.png,17
pidgeon_images/pidgeon_vid_2/17/58.png,17
pidgeon_images/pidgeon_vid_2/17/85.png,17
pidgeon_images/pidgeon_vid_2/17/64.png,17
pidgeon_images/pidgeon_vid_2/17/31.png,17
pidgeon_images/pidgeon_vid_2/17/24.png,17
pidgeon_images/pidgeon_vid_2/17/14.png,17
pidgeon_images/pidgeon_vid_2/17/17.png,17
pidgeon_images/pidgeon_vid_2/17/43.png,17
pidgeon_images/pidgeon_vid_2/17/12.png,17
pidgeon_images/pidgeon_vid_2/17/73.png,17
pidgeon_images/pidgeon_vid_2/17/97.png,17
pidgeon_images/pidgeon_vid_2/17/152.png,17
pidgeon_images/pidgeon_vid_2/17/128.png,17
pidgeon_images/pidgeon_vid_2/17/60.png,17
pidgeon_images/pidgeon_vid_2/17/46.png,17
pidgeon_images/pidgeon_vid_2/17/98.png,17
pidgeon_images/pidgeon_vid_2/17/83.png,17
pidgeon_images/pidgeon_vid_2/17/127.png,17
pidgeon_images/pidgeon_vid_2/17/126.png,17
pidgeon_images/pidgeon_vid_2/17/42.png,17
pidgeon_images/pidgeon_vid_2/17/131.png,17
pidgeon_images/pidgeon_vid_2/17/36.png,17
pidgeon_images/pidgeon_vid_2/17/44.png,17
pidgeon_images/pidgeon_vid_2/17/21.png,17
pidgeon_images/pidgeon_vid_2/17/139.png,17
pidgeon_images/pidgeon_vid_2/17/33.png,17
pidgeon_images/pidgeon_vid_2/17/136.png,17
pidgeon_images/pidgeon_vid_2/17/39.png,17
pidgeon_images/pidgeon_vid_2/17/144.png,17
pidgeon_images/pidgeon_vid_2/17/150.png,17
pidgeon_images/pidgeon_vid_2/17/92.png,17
pidgeon_images/pidgeon_vid_2/17/8.png,17
pidgeon_images/pidgeon_vid_2/17/125.png,17
pidgeon_images/pidgeon_vid_2/17/87.png,17
pidgeon_images/pidgeon_vid_2/17/106.png,17
pidgeon_images/pidgeon_vid_2/17/107.png,17
pidgeon_images/pidgeon_vid_2/17/20.png,17
pidgeon_images/pidgeon_vid_2/17/71.png,17
pidgeon_images/pidgeon_vid_2/17/19.png,17
pidgeon_images/pidgeon_vid_2/17/142.png,17
pidgeon_images/pidgeon_vid_2/17/113.png,17
pidgeon_images/pidgeon_vid_2/17/130.png,17
pidgeon_images/pidgeon_vid_2/17/11.png,17
pidgeon_images/pidgeon_vid_2/17/147.png,17
pidgeon_images/pidgeon_vid_2/17/75.png,17
pidgeon_images/pidgeon_vid_2/17/74.png,17
pidgeon_images/pidgeon_vid_2/17/66.png,17
pidgeon_images/pidgeon_vid_2/17/62.png,17
pidgeon_images/pidgeon_vid_2/17/94.png,17
pidgeon_images/pidgeon_vid_2/17/50.png,17
pidgeon_images/pidgeon_vid_2/17/151.png,17
pidgeon_images/pidgeon_vid_2/17/115.png,17
pidgeon_images/pidgeon_vid_2/17/41.png,17
pidgeon_images/pidgeon_vid_2/17/123.png,17
pidgeon_images/pidgeon_vid_2/17/76.png,17
pidgeon_images/pidgeon_vid_2/17/72.png,17
pidgeon_images/pidgeon_vid_2/17/134.png,17
pidgeon_images/pidgeon_vid_2/17/22.png,17
pidgeon_images/pidgeon_vid_2/17/67.png,17
pidgeon_images/pidgeon_vid_2/17/138.png,17
pidgeon_images/pidgeon_vid_2/17/82.png,17
pidgeon_images/pidgeon_vid_2/17/57.png,17
pidgeon_images/pidgeon_vid_2/17/112.png,17
pidgeon_images/pidgeon_vid_2/17/84.png,17
pidgeon_images/pidgeon_vid_2/17/105.png,17
pidgeon_images/pidgeon_vid_2/17/108.png,17
pidgeon_images/pidgeon_vid_2/17/104.png,17
pidgeon_images/pidgeon_vid_2/17/129.png,17
